wavelength_nm,primary_R,primary_G,primary_B,display_white,illuminant_E,illuminant_A,D65
380,6.47341e-93,7.65398e-23,1.1968e-16,5.7467e-18,1,9.7951,49.9755
381,3.64888e-92,1.50586e-22,2.97567e-16,1.42883e-17,1,10.0096,50.4428
382,2.04228e-91,2.9493e-22,7.31427e-16,3.51209e-17,1,10.2273,50.91
383,1.135e-90,5.75023e-22,1.77738e-15,8.53447e-17,1,10.4481,51.3773
384,6.26338e-90,1.11606e-21,4.26988e-15,2.05027e-16,1,10.6722,51.8445
385,3.43201e-89,2.15636e-21,1.01409e-14,4.86934e-16,1,10.8996,52.3118
386,1.86731e-88,4.14754e-21,2.381e-14,1.14328e-15,1,11.1302,52.7791
387,1.00882e-87,7.94134e-21,5.52671e-14,2.65376e-15,1,11.364,53.2464
388,5.41174e-87,1.51367e-20,1.26823e-13,6.08967e-15,1,11.6012,53.7136
389,2.88264e-86,2.87212e-20,2.8771e-13,1.3815e-14,1,11.8416,54.1809
390,1.52465e-85,5.42511e-20,6.45263e-13,3.09836e-14,1,12.0853,54.6482
391,8.0072e-85,1.02011e-19,1.43068e-12,6.86969e-14,1,12.3324,57.4589
392,4.17559e-84,1.90951e-19,3.13597e-12,1.5058e-13,1,12.5828,60.2695
393,2.16214e-83,3.5582e-19,6.79557e-12,3.26303e-13,1,12.8366,63.0802
394,1.11168e-82,6.60043e-19,1.45581e-11,6.99036e-13,1,13.0938,65.8908
395,5.67547e-82,1.21885e-18,3.08324e-11,1.48048e-12,1,13.3543,68.7015
396,2.87709e-81,2.24057e-18,6.45558e-11,3.09977e-12,1,13.6182,71.5122
397,1.44821e-80,4.10019e-18,1.33625e-10,6.41626e-12,1,13.8855,74.3229
398,7.23836e-80,7.46934e-18,2.7344e-10,1.31298e-11,1,14.1563,77.1335
399,3.59233e-79,1.35455e-17,5.53176e-10,2.65619e-11,1,14.4304,79.9442
400,1.77027e-78,2.44535e-17,1.10634e-09,5.31231e-11,1,14.708,82.7549
401,8.6623e-78,4.39464e-17,2.18745e-09,1.05035e-10,1,14.9891,83.628
402,4.20876e-77,7.86209e-17,4.27574e-09,2.05308e-10,1,15.2736,84.5011
403,2.0305e-76,1.40019e-16,8.26245e-09,3.96738e-10,1,15.5616,85.3742
404,9.72705e-76,2.48239e-16,1.57845e-08,7.57925e-10,1,15.853,86.2473
405,4.62687e-75,4.38115e-16,2.98111e-08,1.43144e-09,1,16.148,87.1204
406,2.18535e-74,7.69733e-16,5.56608e-08,2.67266e-09,1,16.4464,87.9935
407,1.02491e-73,1.34625e-15,1.02741e-07,4.93333e-09,1,16.7484,88.8666
408,4.77282e-73,2.34393e-15,1.87484e-07,9.00243e-09,1,17.0538,89.7398
409,2.20696e-72,4.06256e-15,3.38228e-07,1.62407e-08,1,17.3628,90.6129
410,1.01331e-71,7.00951e-15,6.03223e-07,2.8965e-08,1,17.6753,91.486
411,4.61974e-71,1.20395e-14,1.06358e-06,5.107e-08,1,17.9913,91.6806
412,2.09133e-70,2.05857e-14,1.85391e-06,8.90192e-08,1,18.3108,91.8752
413,9.40057e-70,3.50394e-14,3.1947e-06,1.534e-07,1,18.6339,92.0697
414,4.1958e-69,5.9372e-14,5.44248e-06,2.61331e-07,1,18.9605,92.2643
415,1.85953e-68,1.00148e-13,9.16615e-06,4.40131e-07,1,19.2907,92.4589
416,8.18317e-68,1.68164e-13,1.52617e-05,7.3282e-07,1,19.6244,92.6535
417,3.57575e-67,2.811e-13,2.51213e-05,1.20625e-06,1,19.9617,92.8481
418,1.55146e-66,4.67758e-13,4.08795e-05,1.96291e-06,1,20.3026,93.0426
419,6.68411e-66,7.74848e-13,6.57648e-05,3.15783e-06,1,20.647,93.2372
420,2.8594e-65,1.27775e-12,0.000104594,5.02228e-06,1,20.995,93.4318
421,1.2146e-64,2.09754e-12,0.000164453,7.89656e-06,1,21.3465,92.7568
422,5.12296e-64,3.42773e-12,0.000255625,1.22744e-05,1,21.7016,92.0819
423,2.14554e-63,5.57621e-12,0.000392816,1.88619e-05,1,22.0603,91.4069
424,8.92238e-63,9.03035e-12,0.00059676,2.86546e-05,1,22.4225,90.732
425,3.68428e-62,1.45581e-11,0.00089626,4.30357e-05,1,22.7883,90.057
426,1.51061e-61,2.33635e-11,0.00133074,6.38981e-05,1,23.1577,89.3821
427,6.1501e-61,3.73256e-11,0.00195333,9.37932e-05,1,23.5307,88.7071
428,2.48622e-60,5.93621e-11,0.00283455,0.000136106,1,23.9072,88.0322
429,9.97988e-60,9.39823e-11,0.00406645,0.000195259,1,24.2873,87.3572
430,3.97777e-59,1.48121e-10,0.00576729,0.000276928,1,24.6709,86.6823
431,1.57428e-58,2.32392e-10,0.00808635,0.000388283,1,25.0581,88.5006
432,6.1866e-58,3.62961e-10,0.0112088,0.000538211,1,25.4489,90.3188
433,2.41408e-57,5.6433e-10,0.0153599,0.000737535,1,25.8432,92.1371
434,9.35358e-57,8.73454e-10,0.0208085,0.000999163,1,26.2411,93.9553
435,3.5986e-56,1.3458e-09,0.0278689,0.00133818,1,26.6425,95.7736
436,1.37473e-55,2.06422e-09,0.0368996,0.00177181,1,27.0475,97.5919
437,5.2147e-55,3.15185e-09,0.0483002,0.00231923,1,27.456,99.4102
438,1.96413e-54,4.79082e-09,0.062503,0.0030012,1,27.8681,101.228
439,7.34579e-54,7.24916e-09,0.0799606,0.00383947,1,28.2836,103.047
440,2.72795e-53,1.09194e-08,0.101129,0.00485592,1,28.7027,104.865
441,1.00591e-52,1.63736e-08,0.126445,0.0060715,1,29.1253,106.079
442,3.68311e-52,2.44414e-08,0.156297,0.0075049,1,29.5515,107.293
443,1.33905e-51,3.63195e-08,0.190996,0.00917103,1,29.9811,108.508
444,4.83401e-51,5.37264e-08,0.230739,0.0110794,1,30.4142,109.722
445,1.73279e-50,7.91171e-08,0.275577,0.0132324,1,30.8508,110.936
446,6.16755e-50,1.15981e-07,0.325379,0.0156237,1,31.2909,112.15
447,2.17976e-49,1.69254e-07,0.379805,0.0182371,1,31.7345,113.365
448,7.64948e-49,2.4588e-07,0.438284,0.0210451,1,32.1815,114.579
449,2.66553e-48,3.55583e-07,0.500006,0.0240088,1,32.632,115.794
450,9.22282e-48,5.11911e-07,0.563922,0.0270779,1,33.0859,117.008
451,3.16864e-47,7.33638e-07,0.628764,0.0301914,1,33.5432,117.088
452,1.08096e-46,1.04665e-06,0.693075,0.0332794,1,34.004,117.169
453,3.66163e-46,1.48648e-06,0.755262,0.0362654,1,34.4682,117.249
454,1.2316e-45,2.10159e-06,0.813652,0.0390692,1,34.9358,117.33
455,4.1133e-45,2.95782e-06,0.866572,0.0416103,1,35.4068,117.41
456,1.36408e-44,4.14409e-06,0.912421,0.0438118,1,35.8811,117.49
457,4.49178e-44,5.77992e-06,0.949751,0.0456043,1,36.3588,117.571
458,1.46867e-43,8.02505e-06,0.977347,0.0469295,1,36.8399,117.651
459,4.76827e-43,1.10919e-05,0.994288,0.047743,1,37.3243,117.732
460,1.53718e-42,1.52617e-05,1,0.0480174,1,37.8121,117.812
461,4.92057e-42,2.09041e-05,0.994288,0.0477432,1,38.3031,117.517
462,1.564e-41,2.85032e-05,0.977347,0.04693,1,38.7975,117.222
463,4.9361e-41,3.86892e-05,0.949751,0.0456051,1,39.2951,116.926
464,1.5469e-40,5.22782e-05,0.912421,0.0438129,1,39.796,116.631
465,4.81355e-40,7.03211e-05,0.866572,0.0416119,1,40.3002,116.336
466,1.4873e-39,9.41639e-05,0.813652,0.0390714,1,40.8076,116.041
467,4.56311e-39,0.000125521,0.755262,0.0362684,1,41.3182,115.746
468,1.39012e-38,0.000166565,0.693075,0.0332834,1,41.832,115.451
469,4.20503e-38,0.000220032,0.628764,0.0301966,1,42.3491,115.156
470,1.26304e-37,0.000289349,0.563922,0.0270847,1,42.8693,114.861
471,3.76696e-37,0.000378784,0.500006,0.0240178,1,43.3926,114.967
472,1.11556e-36,0.000493623,0.438284,0.0210568,1,43.9192,115.073
473,3.28039e-36,0.000640373,0.379805,0.0182523,1,44.4488,115.18
474,9.57823e-36,0.000827,0.325379,0.0156434,1,44.9816,115.286
475,2.77698e-35,0.00106319,0.275577,0.0132577,1,45.5174,115.392
476,7.99448e-35,0.00136067,0.230739,0.0111118,1,46.0563,115.498
477,2.28526e-34,0.00173351,0.190996,0.00921235,1,46.5983,115.604
478,6.48646e-34,0.00219854,0.156297,0.0075573,1,47.1433,115.711
479,1.82814e-33,0.00277573,0.126445,0.00613766,1,47.6913,115.817
480,5.1161e-33,0.00348862,0.101129,0.00493907,1,48.2423,115.923
481,1.42167e-32,0.00436481,0.0799606,0.0039435,1,48.7963,115.212
482,3.92269e-32,0.00543638,0.062503,0.00313077,1,49.3533,114.501
483,1.07473e-31,0.00674045,0.0483002,0.00247988,1,49.9132,113.789
484,2.92376e-31,0.0083196,0.0368996,0.0019701,1,50.476,113.078
485,7.89792e-31,0.0102223,0.0278689,0.00158181,1,51.0418,112.367
486,2.11842e-30,0.0125035,0.0208085,0.00129717,1,51.6104,111.656
487,5.6421e-30,0.0152246,0.0153599,0.00110039,1,52.1818,110.945
488,1.4921e-29,0.0184543,0.0112088,0.000978043,1,52.7561,110.233
489,3.91815e-29,0.022268,0.00808635,0.000919008,1,53.3332,109.522
490,1.02163e-28,0.0267485,0.00576729,0.00091444,1,53.9132,108.811
491,2.64506e-28,0.0319853,0.00406645,0.000957584,1,54.4958,108.865
492,6.79995e-28,0.0380747,0.00283455,0.00104356,1,55.0813,108.919
493,1.73581e-27,0.0451188,0.00195333,0.00116914,1,55.6694,108.974
494,4.39977e-27,0.0532245,0.00133074,0.00133243,1,56.2603,109.028
495,1.10735e-26,0.062503,0.00089626,0.0015327,1,56.8539,109.082
496,2.76737e-26,0.0730673,0.00059676,0.00177011,1,57.4501,109.136
497,6.86718e-26,0.0850316,0.000392816,0.00204547,1,58.0489,109.191
498,1.69207e-25,0.0985079,0.000255625,0.00236007,1,58.6504,109.245
499,4.13986e-25,0.113605,0.000164453,0.0027155,1,59.2545,109.3
500,1.00573e-24,0.130423,0.000104594,0.00311348,1,59.8611,109.354
501,2.42609e-24,0.149056,6.57648e-05,0.00355569,1,60.4703,109.199
502,5.81111e-24,0.169581,4.08795e-05,0.00404368,1,61.082,109.044
503,1.3821e-23,0.19206,2.51213e-05,0.00457869,1,61.6962,108.888
504,3.26399e-23,0.216538,1.52617e-05,0.0051616,1,62.3128,108.733
505,7.65398e-23,0.243032,9.16615e-06,0.00579276,1,62.932,108.578
506,1.78219e-22,0.271536,5.44248e-06,0.00647194,1,63.5535,108.423
507,4.12048e-22,0.302013,3.1947e-06,0.0071982,1,64.1775,108.268
508,9.45954e-22,0.334394,1.85391e-06,0.00796988,1,64.8038,108.112
509,2.15636e-21,0.368574,1.06358e-06,0.00878448,1,65.4325,107.957
510,4.88091e-21,0.404413,6.03223e-07,0.00963863,1,66.0635,107.802
511,1.097e-20,0.441732,3.38228e-07,0.0105281,1,66.6968,107.501
512,2.44818e-20,0.480317,1.87484e-07,0.0114477,1,67.3324,107.2
513,5.42511e-20,0.519913,1.02741e-07,0.0123914,1,67.9702,106.898
514,1.19372e-19,0.560232,5.56608e-08,0.0133523,1,68.6102,106.597
515,2.60809e-19,0.600951,2.98111e-08,0.0143228,1,69.2525,106.296
516,5.6581e-19,0.641718,1.57845e-08,0.0152944,1,69.8969,105.995
517,1.21885e-18,0.682156,8.26245e-09,0.0162582,1,70.5435,105.694
518,2.60708e-18,0.721866,4.27574e-09,0.0172047,1,71.1922,105.392
519,5.53718e-18,0.760439,2.18745e-09,0.018124,1,71.843,105.091
520,1.16775e-17,0.797455,1.10634e-09,0.0190062,1,72.4959,104.79
521,2.44535e-17,0.832496,5.53176e-10,0.0198414,1,73.1508,105.08
522,5.08465e-17,0.865151,2.7344e-10,0.0206196,1,73.8077,105.37
523,1.0498e-16,0.895027,1.33625e-10,0.0213317,1,74.4666,105.659
524,2.15221e-16,0.921752,6.45558e-11,0.0219687,1,75.1275,105.949
525,4.38115e-16,0.944989,3.08324e-11,0.0225225,1,75.7903,106.239
526,8.85565e-16,0.964435,1.45581e-11,0.0229859,1,76.4551,106.529
527,1.77738e-15,0.979836,6.79557e-12,0.023353,1,77.1217,106.819
528,3.54218e-15,0.990988,3.13597e-12,0.0236188,1,77.7902,107.109
529,7.00951e-15,0.997739,1.43068e-12,0.0237797,1,78.4605,107.399
530,1.37732e-14,1,6.45263e-13,0.0238336,1,79.1326,107.689
531,2.68725e-14,0.997739,2.8771e-13,0.0237797,1,79.8065,107.361
532,5.20607e-14,0.990988,1.26823e-13,0.0236188,1,80.4821,107.032
533,1.00148e-13,0.979836,5.52671e-14,0.023353,1,81.1595,106.704
534,1.91293e-13,0.964435,2.381e-14,0.0229859,1,81.8386,106.375
535,3.62816e-13,0.944989,1.01409e-14,0.0225225,1,82.5193,106.047
536,6.83285e-13,0.921752,4.26988e-15,0.0219687,1,83.2017,105.719
537,1.27775e-12,0.895027,1.77738e-15,0.0213317,1,83.8856,105.39
538,2.37257e-12,0.865151,7.31427e-16,0.0206196,1,84.5712,105.062
539,4.3744e-12,0.832496,2.97567e-16,0.0198414,1,85.2584,104.733
540,8.00843e-12,0.797455,1.1968e-16,0.0190062,1,85.947,104.405
541,1.45581e-11,0.760439,4.75868e-17,0.018124,1,86.6372,104.369
542,2.62779e-11,0.721866,1.87057e-17,0.0172047,1,87.3288,104.333
543,4.70982e-11,0.682156,7.26917e-18,0.0162582,1,88.0219,104.297
544,8.38197e-11,0.641718,2.79268e-18,0.0152944,1,88.7165,104.261
545,1.48121e-10,0.600951,1.06067e-18,0.0143228,1,89.4124,104.225
546,2.59905e-10,0.560232,3.98259e-19,0.0133523,1,90.1097,104.189
547,4.52837e-10,0.519913,1.47834e-19,0.0123914,1,90.8083,104.153
548,7.83425e-10,0.480317,5.42511e-20,0.0114477,1,91.5082,104.118
549,1.3458e-09,0.441732,1.96819e-20,0.0105281,1,92.2095,104.082
550,2.29558e-09,0.404413,7.05908e-21,0.0096386,1,92.912,104.046
551,3.88807e-09,0.368574,2.50297e-21,0.00878443,1,93.6157,103.641
552,6.53886e-09,0.334394,8.77376e-22,0.0079698,1,94.3206,103.237
553,1.09194e-08,0.302013,3.04047e-22,0.00719805,1,95.0267,102.832
554,1.81061e-08,0.271536,1.04165e-22,0.00647168,1,95.7339,102.428
555,2.98111e-08,0.243032,3.52797e-23,0.00579232,1,96.4423,102.023
556,4.87372e-08,0.216538,1.18128e-23,0.00516087,1,97.1518,101.618
557,7.91171e-08,0.19206,3.91027e-24,0.00457749,1,97.8623,101.214
558,1.27529e-07,0.169581,1.27963e-24,0.00404172,1,98.5739,100.809
559,2.04115e-07,0.149056,4.13986e-25,0.00355254,1,99.2864,100.405
560,3.24393e-07,0.130423,1.32407e-25,0.00310846,1,100,100
561,5.11911e-07,0.113605,4.1866e-26,0.00270762,1,100.715,99.6334
562,8.02133e-07,0.0985079,1.30869e-26,0.00234781,1,101.43,99.2668
563,1.24803e-06,0.0850316,4.04423e-27,0.00202663,1,102.146,98.9003
564,1.92812e-06,0.0730673,1.23555e-27,0.0017415,1,102.864,98.5337
565,2.95782e-06,0.062503,3.73171e-28,0.00148973,1,103.582,98.1671
566,4.50544e-06,0.0532245,1.11424e-28,0.00126863,1,104.301,97.8005
567,6.81444e-06,0.0451188,3.2891e-29,0.00107549,1,105.02,97.4339
568,1.02342e-05,0.0380747,9.59837e-30,0.000907677,1,105.741,97.0674
569,1.52617e-05,0.0319853,2.76913e-30,0.000762653,1,106.462,96.7008
570,2.25985e-05,0.0267485,7.89792e-31,0.000637997,1,107.184,96.3342
571,3.32267e-05,0.022268,2.22693e-31,0.000531439,1,107.906,96.2796
572,4.8509e-05,0.0184543,6.20763e-32,0.000440873,1,108.63,96.225
573,7.03211e-05,0.0152246,1.71068e-32,0.000364368,1,109.354,96.1703
574,0.000101223,0.0125035,4.66054e-33,0.000300177,1,110.078,96.1157
575,0.000144676,0.0102223,1.25524e-33,0.000246742,1,110.803,96.0611
576,0.000205327,0.0083196,3.34229e-34,0.000202696,1,111.529,96.0065
577,0.000289349,0.00674045,8.79801e-35,0.000166864,1,112.255,95.9519
578,0.00040488,0.00543638,2.28955e-35,0.000138265,1,112.982,95.8972
579,0.000562549,0.00436481,5.89032e-36,0.000116112,1,113.709,95.8426
580,0.000776107,0.00348862,1.49814e-36,9.9817e-05,1,114.436,95.788
581,0.00106319,0.00277573,3.76696e-37,8.89928e-05,1,115.164,95.0778
582,0.0014462,0.00219854,9.36382e-38,8.34633e-05,1,115.893,94.3675
583,0.00195333,0.00173351,2.30112e-38,8.3273e-05,1,116.622,93.6573
584,0.0026197,0.00136067,5.59051e-39,8.87002e-05,1,117.351,92.947
585,0.00348862,0.00106319,1.34272e-39,0.000100275,1,118.08,92.2368
586,0.00461302,0.000827,3.18821e-40,0.000118797,1,118.81,91.5266
587,0.00605683,0.000640373,7.48395e-41,0.000145362,1,119.54,90.8163
588,0.00789648,0.000493623,1.73676e-41,0.00018138,1,120.27,90.1061
589,0.0102223,0.000378784,3.98449e-42,0.000228602,1,121.001,89.3958
590,0.01314,0.000289349,9.03713e-43,0.000289141,1,121.731,88.6856
591,0.0167713,0.000220032,2.02634e-43,0.000365489,1,122.462,88.8177
592,0.0212554,0.000166565,4.49178e-44,0.000460532,1,123.193,88.9497
593,0.0267485,0.000125521,9.84349e-45,0.000577544,1,123.924,89.0818
594,0.0334239,9.41639e-05,2.13257e-45,0.000720183,1,124.655,89.2138
595,0.0414709,7.03211e-05,4.56755e-46,0.000892463,1,125.386,89.3459
596,0.0510925,5.22782e-05,9.67136e-47,0.00109871,1,126.118,89.478
597,0.062503,3.86892e-05,2.02449e-47,0.00134347,1,126.849,89.61
598,0.0759227,2.85032e-05,4.18956e-48,0.00163149,1,127.58,89.7421
599,0.0915738,2.09041e-05,8.57127e-49,0.00196749,1,128.312,89.8741
600,0.109673,1.52617e-05,1.73359e-49,0.00235612,1,129.043,90.0062
601,0.130423,1.10919e-05,3.46635e-50,0.00280174,1,129.774,89.9655
602,0.154007,8.02505e-06,6.85208e-51,0.00330823,1,130.505,89.9248
603,0.180573,5.77992e-06,1.33905e-51,0.00387881,1,131.236,89.884
604,0.21023,4.14409e-06,2.587e-52,0.0045158,1,131.966,89.8433
605,0.243032,2.95782e-06,4.94105e-53,0.00522036,1,132.697,89.8026
606,0.278972,2.10159e-06,9.32968e-54,0.00599233,1,133.427,89.7619
607,0.317971,1.48648e-06,1.74156e-54,0.00683,1,134.157,89.7212
608,0.359867,1.04665e-06,3.21392e-55,0.0077299,1,134.887,89.6805
609,0.404413,7.33638e-07,5.86348e-56,0.00868673,1,135.617,89.6398
610,0.451269,5.11911e-07,1.05755e-56,0.0096932,1,136.346,89.5991
611,0.500006,3.55583e-07,1.88569e-57,0.01074,1,137.075,89.4091
612,0.550102,2.4588e-07,3.32403e-58,0.0118161,1,137.804,89.219
613,0.600951,1.69254e-07,5.79272e-59,0.0129083,1,138.532,89.029
614,0.651873,1.15981e-07,9.97988e-60,0.0140021,1,139.26,88.8389
615,0.702127,7.91171e-08,1.69978e-60,0.0150816,1,139.988,88.6489
616,0.750926,5.37264e-08,2.86209e-61,0.0161298,1,140.715,88.4589
617,0.797455,3.63195e-08,4.76431e-62,0.0171292,1,141.441,88.2688
618,0.840899,2.44414e-08,7.84043e-63,0.0180624,1,142.167,88.0788
619,0.88046,1.63736e-08,1.27557e-63,0.0189121,1,142.893,87.8887
620,0.915385,1.09194e-08,2.0516e-64,0.0196623,1,143.618,87.6987
621,0.944989,7.24916e-09,3.26217e-65,0.0202982,1,144.343,87.2577
622,0.968674,4.79082e-09,5.12796e-66,0.0208069,1,145.067,86.8167
623,0.985954,3.15185e-09,7.96905e-67,0.0211781,1,145.79,86.3756
624,0.99647,2.06422e-09,1.22432e-67,0.021404,1,146.513,85.9346
625,1,1.3458e-09,1.85953e-68,0.0214798,1,147.235,85.4936
626,0.99647,8.73454e-10,2.79215e-69,0.021404,1,147.957,85.0526
627,0.985954,5.6433e-10,4.14476e-70,0.0211781,1,148.678,84.6116
628,0.968674,3.62961e-10,6.08251e-71,0.0208069,1,149.398,84.1706
629,0.944989,2.32392e-10,8.82453e-72,0.0202982,1,150.117,83.7296
630,0.915385,1.48121e-10,1.26568e-72,0.0196623,1,150.836,83.2886
631,0.88046,9.39823e-11,1.79466e-73,0.0189121,1,151.554,83.3297
632,0.840899,5.93621e-11,2.51572e-74,0.0180624,1,152.271,83.3707
633,0.797455,3.73256e-11,3.48633e-75,0.0171292,1,152.988,83.4118
634,0.750926,2.33635e-11,4.77638e-76,0.0161297,1,153.704,83.4528
635,0.702127,1.45581e-11,6.46925e-77,0.0150816,1,154.418,83.4939
636,0.651873,9.03035e-12,8.6623e-78,0.0140021,1,155.132,83.535
637,0.600951,5.57621e-12,1.14667e-78,0.0129083,1,155.845,83.576
638,0.550102,3.42773e-12,1.5006e-79,0.0118161,1,156.558,83.6171
639,0.500006,2.09754e-12,1.94141e-80,0.01074,1,157.269,83.6581
640,0.451269,1.27775e-12,2.48309e-81,0.00969319,1,157.979,83.6992
641,0.404413,7.74848e-13,3.13974e-82,0.00868671,1,158.689,83.332
642,0.359867,4.67758e-13,3.92482e-83,0.00772988,1,159.397,82.9647
643,0.317971,2.811e-13,4.85031e-84,0.00682996,1,160.104,82.5975
644,0.278972,1.68164e-13,5.92575e-85,0.00599228,1,160.811,82.2302
645,0.243032,1.00148e-13,7.15718e-86,0.00522029,1,161.516,81.863
646,0.21023,5.9372e-14,8.54604e-87,0.0045157,1,162.221,81.4958
647,0.180573,3.50394e-14,1.00882e-87,0.00387868,1,162.924,81.1285
648,0.154007,2.05857e-14,1.17729e-88,0.00330804,1,163.626,80.7613
649,0.130423,1.20395e-14,1.35825e-89,0.00280147,1,164.327,80.394
650,0.109673,7.00951e-15,1.54918e-90,0.00235575,1,165.028,80.0268
651,0.0915738,4.06256e-15,1.74681e-91,0.00196699,1,165.726,80.0456
652,0.0759227,2.34393e-15,1.94722e-92,0.00163081,1,166.424,80.0644
653,0.062503,1.34625e-15,2.14589e-93,0.00134255,1,167.121,80.0831
654,0.0510925,7.69733e-16,2.3379e-94,0.00109746,1,167.816,80.1019
655,0.0414709,4.38115e-16,2.51807e-95,0.000890787,1,168.51,80.1207
656,0.0334239,2.48239e-16,2.68124e-96,0.000717939,1,169.203,80.1395
657,0.0267485,1.40019e-16,2.82245e-97,0.000574552,1,169.895,80.1583
658,0.0212554,7.86209e-17,2.93726e-98,0.000456562,1,170.586,80.177
659,0.0167713,4.39464e-17,3.02191e-99,0.000360245,1,171.275,80.1958
660,0.01314,2.44535e-17,3.07359e-100,0.000282244,1,171.963,80.2146
661,0.0102223,1.35455e-17,3.09054e-101,0.000219574,1,172.65,80.4209
662,0.00789648,7.46934e-18,3.07219e-102,0.000169615,1,173.335,80.6272
663,0.00605683,4.10019e-18,3.01915e-103,0.0001301,1,174.019,80.8336
664,0.00461302,2.24057e-18,2.93324e-104,9.90869e-05,1,174.702,81.0399
665,0.00348862,1.21885e-18,2.8173e-105,7.4935e-05,1,175.383,81.2462
666,0.0026197,6.60043e-19,2.67512e-106,5.62706e-05,1,176.063,81.4525
667,0.00195333,3.5582e-19,2.51118e-107,4.19572e-05,1,176.741,81.6588
668,0.0014462,1.90951e-19,2.33044e-108,3.10642e-05,1,177.419,81.8652
669,0.00106319,1.02011e-19,2.13807e-109,2.28372e-05,1,178.094,82.0715
670,0.000776107,5.42511e-20,1.93923e-110,1.66706e-05,1,178.769,82.2778
671,0.000562549,2.87212e-20,1.73885e-111,1.20834e-05,1,179.441,81.8784
672,0.00040488,1.51367e-20,1.54141e-112,8.69676e-06,1,180.113,81.4791
673,0.000289349,7.94134e-21,1.35083e-113,6.21517e-06,1,180.783,81.0797
674,0.000205327,4.14754e-21,1.17032e-114,4.41038e-06,1,181.451,80.6804
675,0.000144676,2.15636e-21,1.00239e-115,3.10762e-06,1,182.118,80.281
676,0.000101223,1.11606e-21,8.48771e-117,2.17424e-06,1,182.783,79.8816
677,7.03211e-05,5.75023e-22,7.10508e-118,1.51048e-06,1,183.447,79.4823
678,4.8509e-05,2.9493e-22,5.87993e-119,1.04196e-06,1,184.109,79.0829
679,3.32267e-05,1.50586e-22,4.81061e-120,7.13704e-07,1,184.77,78.6836
680,2.25985e-05,7.65398e-23,3.89091e-121,4.85413e-07,1,185.429,78.2842
681,1.52617e-05,3.87278e-23,3.1112e-122,3.27818e-07,1,186.087,77.4279
682,1.02342e-05,1.95071e-23,2.4594e-123,2.19828e-07,1,186.743,76.5716
683,6.81444e-06,9.78129e-24,1.922e-124,1.46373e-07,1,187.397,75.7153
684,4.50544e-06,4.88241e-24,1.48492e-125,9.6776e-08,1,188.05,74.859
685,2.95782e-06,2.42609e-24,1.13417e-126,6.35335e-08,1,188.701,74.0027
686,1.92812e-06,1.20009e-24,8.56397e-128,4.14158e-08,1,189.35,73.1464
687,1.24803e-06,5.90952e-25,6.3929e-129,2.68076e-08,1,189.998,72.2901
688,8.02133e-07,2.89686e-25,4.71786e-130,1.72297e-08,1,190.644,71.4339
689,5.11911e-07,1.41363e-25,3.44204e-131,1.09958e-08,1,191.288,70.5776
690,3.24393e-07,6.86718e-26,2.48263e-132,6.9679e-09,1,191.931,69.7213
691,2.04115e-07,3.32089e-26,1.77024e-133,4.38436e-09,1,192.572,69.9101
692,1.27529e-07,1.5987e-26,1.24789e-134,2.7393e-09,1,193.211,70.0989
693,7.91171e-08,7.66145e-27,8.69652e-136,1.69942e-09,1,193.849,70.2876
694,4.87372e-08,3.65502e-27,5.99154e-137,1.04687e-09,1,194.484,70.4764
695,2.98111e-08,1.73581e-27,4.0809e-138,6.40338e-10,1,195.118,70.6652
696,1.81061e-08,8.20636e-28,2.74788e-139,3.88916e-10,1,195.75,70.854
697,1.09194e-08,3.86218e-28,1.82921e-140,2.34547e-10,1,196.381,71.0428
698,6.53886e-09,1.80946e-28,1.2038e-141,1.40454e-10,1,197.009,71.2315
699,3.88807e-09,8.43913e-29,7.83196e-143,8.3515e-11,1,197.636,71.4203
700,2.29558e-09,3.91815e-29,5.03744e-144,4.93088e-11,1,198.261,71.6091
701,1.3458e-09,1.81092e-29,3.20313e-145,2.89076e-11,1,198.884,71.8831
702,7.83425e-10,8.33205e-30,2.01355e-146,1.68278e-11,1,199.506,72.1571
703,4.52837e-10,3.81626e-30,1.25134e-147,9.72687e-12,1,200.125,72.431
704,2.59905e-10,1.74004e-30,7.68798e-149,5.58272e-12,1,200.743,72.705
705,1.48121e-10,7.89792e-31,4.66954e-150,3.18161e-12,1,201.359,72.979
706,8.38197e-11,3.56863e-31,2.80388e-151,1.80043e-12,1,201.972,73.253
707,4.70982e-11,1.60518e-31,1.66445e-152,1.01166e-12,1,202.584,73.527
708,2.62779e-11,7.18756e-32,9.76798e-154,5.64444e-13,1,203.195,73.801
709,1.45581e-11,3.20385e-32,5.66713e-155,3.12705e-13,1,203.803,74.075
710,8.00843e-12,1.42167e-32,3.25048e-156,1.7202e-13,1,204.409,74.349
711,4.3744e-12,6.27996e-33,1.84312e-157,9.39614e-14,1,205.013,73.0745
712,2.37257e-12,2.76153e-33,1.03321e-158,5.09623e-14,1,205.616,71.8
713,1.27775e-12,1.20886e-33,5.72589e-160,2.74459e-14,1,206.216,70.5255
714,6.83285e-13,5.26792e-34,3.13707e-161,1.46768e-14,1,206.815,69.251
715,3.62816e-13,2.28526e-34,1.69914e-162,7.79323e-15,1,207.411,67.9765
716,1.91293e-13,9.86881e-35,9.09828e-164,4.10894e-15,1,208.006,66.702
717,1.00148e-13,4.24257e-35,4.8163e-165,2.15115e-15,1,208.599,65.4275
718,5.20607e-14,1.81563e-35,2.52053e-166,1.11825e-15,1,209.189,64.153
719,2.68725e-14,7.73498e-36,1.30405e-167,5.77216e-16,1,209.778,62.8785
720,1.37732e-14,3.28039e-36,6.66994e-169,2.95845e-16,1,210.365,61.604
721,7.00951e-15,1.38492e-36,3.37267e-170,1.50563e-16,1,210.949,62.4322
722,3.54218e-15,5.8205e-37,1.68597e-171,7.60854e-17,1,211.532,63.2603
723,1.77738e-15,2.43517e-37,8.33201e-173,3.81779e-17,1,212.112,64.0885
724,8.85565e-16,1.01422e-37,4.07075e-174,1.90218e-17,1,212.691,64.9166
725,4.38115e-16,4.20503e-38,1.96618e-175,9.41064e-18,1,213.268,65.7448
726,2.15221e-16,1.73556e-38,9.38852e-177,4.6229e-18,1,213.842,66.573
727,1.0498e-16,7.13092e-39,4.43195e-178,2.25496e-18,1,214.415,67.4011
728,5.08465e-17,2.91665e-39,2.06832e-179,1.09217e-18,1,214.985,68.2293
729,2.44535e-17,1.18757e-39,9.54254e-181,5.25258e-19,1,215.553,69.0574
730,1.16775e-17,4.81355e-40,4.35246e-182,2.50831e-19,1,216.12,69.8856
731,5.53718e-18,1.94226e-40,1.96259e-183,1.18938e-19,1,216.684,70.4057
732,2.60708e-18,7.8016e-41,8.74883e-185,5.59996e-20,1,217.246,70.9259
733,1.21885e-18,3.11956e-41,3.85562e-186,2.61806e-20,1,217.806,71.446
734,5.6581e-19,1.24176e-41,1.67982e-187,1.21535e-20,1,218.364,71.9662
735,2.60809e-19,4.92057e-42,7.23529e-189,5.60212e-21,1,218.92,72.4863
736,1.19372e-19,1.94101e-42,3.08087e-190,2.56408e-21,1,219.473,73.0064
737,5.42511e-20,7.6221e-43,1.29692e-191,1.1653e-21,1,220.025,73.5266
738,2.44818e-20,2.97958e-43,5.39735e-193,5.25866e-22,1,220.574,74.0467
739,1.097e-20,1.1595e-43,2.22061e-194,2.35634e-22,1,221.122,74.5669
740,4.88091e-21,4.49178e-44,9.03205e-196,1.04841e-22,1,221.667,75.087
741,2.15636e-21,1.73221e-44,3.63183e-197,4.63182e-23,1,222.21,73.9376
742,9.45954e-22,6.64995e-45,1.44374e-198,2.03189e-23,1,222.751,72.7881
743,4.12048e-22,2.54138e-45,5.67384e-200,8.85071e-24,1,223.29,71.6387
744,1.78219e-22,9.66841e-46,2.2044e-201,3.82811e-24,1,223.826,70.4892
745,7.65398e-23,3.66163e-46,8.46694e-203,1.64406e-24,1,224.361,69.3398
746,3.26399e-23,1.38047e-46,3.21505e-204,7.011e-25,1,224.893,68.1904
747,1.3821e-23,5.18103e-47,1.2069e-205,2.96873e-25,1,225.423,67.041
748,5.81111e-24,1.9357e-47,4.47902e-207,1.24822e-25,1,225.951,65.8915
749,2.42609e-24,7.19936e-48,1.6433e-208,5.21119e-26,1,226.477,64.7421
750,1.00573e-24,2.66553e-48,5.96041e-210,2.16029e-26,1,227,63.5927
751,4.13986e-25,9.82444e-49,2.13727e-211,8.89234e-27,1,227.522,61.8752
752,1.69207e-25,3.60468e-49,7.57646e-213,3.63453e-27,1,228.041,60.1578
753,6.86718e-26,1.31661e-49,2.65521e-214,1.47506e-27,1,228.558,58.4403
754,2.76737e-26,4.78724e-50,9.19929e-216,5.94426e-28,1,229.073,56.7229
755,1.10735e-26,1.73279e-50,3.1509e-217,2.37856e-28,1,229.585,55.0054
756,4.39977e-27,6.24368e-51,1.06694e-218,9.45062e-29,1,230.096,53.288
757,1.73581e-27,2.2396e-51,3.57165e-220,3.7285e-29,1,230.604,51.5705
758,6.79995e-28,7.9971e-52,1.18201e-221,1.46062e-29,1,231.11,49.8531
759,2.64506e-28,2.84269e-52,3.86724e-223,5.68155e-30,1,231.614,48.1356
760,1.02163e-28,1.00591e-52,1.25085e-224,2.19445e-30,1,232.115,46.4182
761,3.91815e-29,3.54345e-53,3.99973e-226,8.41613e-31,1,232.615,48.4569
762,1.4921e-29,1.24258e-53,1.26439e-227,3.205e-31,1,233.112,50.4956
763,5.6421e-30,4.3377e-54,3.95146e-229,1.21191e-31,1,233.606,52.5344
764,2.11842e-30,1.5074e-54,1.22084e-230,4.55034e-32,1,234.099,54.5731
765,7.89792e-31,5.2147e-55,3.72891e-232,1.69646e-32,1,234.589,56.6118
766,2.92376e-31,1.79583e-55,1.12598e-233,6.28018e-33,1,235.078,58.6505
767,1.07473e-31,6.15652e-56,3.36127e-235,2.3085e-33,1,235.564,60.6892
768,3.92269e-32,2.10107e-56,9.91976e-237,8.42587e-34,1,236.047,62.728
769,1.42167e-32,7.13803e-57,2.89416e-238,3.05371e-34,1,236.529,64.7667
770,5.1161e-33,2.41408e-57,8.34775e-240,1.09893e-34,1,237.008,66.8054
771,1.82814e-33,8.12751e-58,2.38035e-241,3.92681e-35,1,237.485,66.4631
772,6.48646e-34,2.72394e-58,6.7102e-243,1.39328e-35,1,237.959,66.1209
773,2.28526e-34,9.0881e-59,1.87006e-244,4.90869e-36,1,238.432,65.7786
774,7.99448e-35,3.01844e-59,5.15227e-246,1.7172e-36,1,238.902,65.4364
775,2.77698e-35,9.97988e-60,1.40335e-247,5.96492e-37,1,239.37,65.0941
776,9.57823e-36,3.28475e-60,3.77885e-249,2.05739e-37,1,239.836,64.7518
777,3.28039e-36,1.07625e-60,1.00595e-250,7.04622e-38,1,240.299,64.4096
778,1.11556e-36,3.51042e-61,2.64739e-252,2.39621e-38,1,240.76,64.0673
779,3.76696e-37,1.13983e-61,6.88785e-254,8.09136e-39,1,241.219,63.7251
780,1.26304e-37,3.68428e-62,1.77163e-255,2.71298e-39,1,241.675,63.3828
